algorithm,variant,density,n,m_undirected,source,repeat,seconds
dijkstra,heap,sparse,20,99,12,0,6.660001236014068e-05
dijkstra,array,sparse,20,99,12,0,7.360000745393336e-05
dijkstra,array,sparse,20,99,12,1,4.610000178217888e-05
dijkstra,heap,sparse,20,99,12,1,3.950000973418355e-05
dijkstra,heap,sparse,20,99,12,2,2.479998511262238e-05
dijkstra,array,sparse,20,99,12,2,4.849999095313251e-05
dijkstra,heap,sparse,20,99,1,0,3.959998139180243e-05
dijkstra,array,sparse,20,99,1,0,2.609999501146376e-05
dijkstra,array,sparse,20,99,1,1,6.690001464448869e-05
dijkstra,heap,sparse,20,99,1,1,3.5500008380040526e-05
dijkstra,heap,sparse,20,99,1,2,3.9300008211284876e-05
dijkstra,array,sparse,20,99,1,2,4.080001963302493e-05
dijkstra,heap,dense,20,118,1,0,3.0399998649954796e-05
dijkstra,array,dense,20,118,1,0,2.7900008717551827e-05
dijkstra,array,dense,20,118,1,1,5.2099989261478186e-05
dijkstra,heap,dense,20,118,1,1,3.980001201853156e-05
dijkstra,heap,dense,20,118,1,2,3.840000135824084e-05
dijkstra,array,dense,20,118,1,2,4.2499974370002747e-05
dijkstra,heap,dense,20,118,4,0,4.159999662078917e-05
dijkstra,array,dense,20,118,4,0,4.610000178217888e-05
dijkstra,array,dense,20,118,4,1,3.960001049563289e-05
dijkstra,heap,dense,20,118,4,1,3.339999238960445e-05
dijkstra,heap,dense,20,118,4,2,3.460000152699649e-05
dijkstra,array,dense,20,118,4,2,4.469999112188816e-05
floyd,numpy,sparse,20,99,,0,0.00033239999902434647
floyd,python,sparse,20,99,,0,0.002753999986452982
floyd,python,sparse,20,99,,1,0.0028390000225044787
floyd,numpy,sparse,20,99,,1,0.0003315999929327518
floyd,numpy,sparse,20,99,,2,0.0003882000164594501
floyd,python,sparse,20,99,,2,0.0029317000007722527
floyd,numpy,dense,20,126,,0,0.0003212000010535121
floyd,python,dense,20,126,,0,0.0028111999854445457
floyd,python,dense,20,126,,1,0.0033943000016734004
floyd,numpy,dense,20,126,,1,0.0002727000101003796
floyd,numpy,dense,20,126,,2,0.00016920000780373812
floyd,python,dense,20,126,,2,0.0018687999981921166
dijkstra,heap,sparse,30,149,9,0,8.369999704882503e-05
dijkstra,array,sparse,30,149,9,0,4.959999932907522e-05
dijkstra,array,sparse,30,149,9,1,7.149999146349728e-05
dijkstra,heap,sparse,30,149,9,1,4.4899992644786835e-05
dijkstra,heap,sparse,30,149,9,2,2.9699993319809437e-05
dijkstra,array,sparse,30,149,9,2,4.140002420172095e-05
dijkstra,heap,sparse,30,149,1,0,5.669999518431723e-05
dijkstra,array,sparse,30,149,1,0,0.00016620001406408846
dijkstra,array,sparse,30,149,1,1,6.75999908708036e-05
dijkstra,heap,sparse,30,149,1,1,8.509997860528529e-05
dijkstra,heap,sparse,30,149,1,2,0.00011599998106248677
dijkstra,array,sparse,30,149,1,2,6.990000838413835e-05
dijkstra,heap,dense,30,284,3,0,4.0799990529194474e-05
dijkstra,array,dense,30,284,3,0,4.980000085197389e-05
dijkstra,array,dense,30,284,3,1,8.220001473091543e-05
dijkstra,heap,dense,30,284,3,1,3.479997394606471e-05
dijkstra,heap,dense,30,284,3,2,0.0001451000280212611
dijkstra,array,dense,30,284,3,2,5.329999839887023e-05
dijkstra,heap,dense,30,284,5,0,6.979997851885855e-05
dijkstra,array,dense,30,284,5,0,8.430000161752105e-05
dijkstra,array,dense,30,284,5,1,0.00011100000119768083
dijkstra,heap,dense,30,284,5,1,7.390000973828137e-05
dijkstra,heap,dense,30,284,5,2,5.629999213851988e-05
dijkstra,array,dense,30,284,5,2,5.110001075081527e-05
floyd,numpy,sparse,30,149,,0,0.00027630000840872526
floyd,python,sparse,30,149,,0,0.006561600021086633
floyd,python,sparse,30,149,,1,0.005035199981648475
floyd,numpy,sparse,30,149,,1,0.00023939998936839402
floyd,numpy,sparse,30,149,,2,0.00023540001711808145
floyd,python,sparse,30,149,,2,0.004630200011888519
floyd,numpy,dense,30,263,,0,0.0003252000024076551
floyd,python,dense,30,263,,0,0.005892499990295619
floyd,python,dense,30,263,,1,0.005580199998803437
floyd,numpy,dense,30,263,,1,0.0002822000242304057
floyd,numpy,dense,30,263,,2,0.0004040999920107424
floyd,python,dense,30,263,,2,0.005851699999766424
dijkstra,heap,sparse,40,199,18,0,4.449998959898949e-05
dijkstra,array,sparse,40,199,18,0,8.090000483207405e-05
dijkstra,array,sparse,40,199,18,1,6.369999027810991e-05
dijkstra,heap,sparse,40,199,18,1,3.430002834647894e-05
dijkstra,heap,sparse,40,199,18,2,3.23000131174922e-05
dijkstra,array,sparse,40,199,18,2,0.00010859998292289674
dijkstra,heap,sparse,40,199,25,0,6.219997885636985e-05
dijkstra,array,sparse,40,199,25,0,6.880000000819564e-05
dijkstra,array,sparse,40,199,25,1,0.00011210000957362354
dijkstra,heap,sparse,40,199,25,1,5.9699988923966885e-05
dijkstra,heap,sparse,40,199,25,2,4.0300015825778246e-05
dijkstra,array,sparse,40,199,25,2,9.879999561235309e-05
dijkstra,heap,dense,40,496,0,0,0.00014879999798722565
dijkstra,array,dense,40,496,0,0,0.00012180002522654831
dijkstra,array,dense,40,496,0,1,0.00012179999612271786
dijkstra,heap,dense,40,496,0,1,8.440000237897038e-05
dijkstra,heap,dense,40,496,0,2,6.540000322274864e-05
dijkstra,array,dense,40,496,0,2,0.0001128000149037689
dijkstra,heap,dense,40,496,12,0,9.300000965595245e-05
dijkstra,array,dense,40,496,12,0,0.00012310000602155924
dijkstra,array,dense,40,496,12,1,0.00013050000416114926
dijkstra,heap,dense,40,496,12,1,5.949998740106821e-05
dijkstra,heap,dense,40,496,12,2,5.540001438930631e-05
dijkstra,array,dense,40,496,12,2,8.140000863932073e-05
floyd,numpy,sparse,40,199,,0,0.0005456999933812767
floyd,python,sparse,40,199,,0,0.012055300001520663
floyd,python,sparse,40,199,,1,0.012773400027072057
floyd,numpy,sparse,40,199,,1,0.0006888000061735511
floyd,numpy,sparse,40,199,,2,0.0006492999964393675
floyd,python,sparse,40,199,,2,0.013473999977577478
floyd,numpy,dense,40,489,,0,0.00027660001069307327
floyd,python,dense,40,489,,0,0.013142499985406175
floyd,python,dense,40,489,,1,0.013222899986431003
floyd,numpy,dense,40,489,,1,0.00033840001560747623
floyd,numpy,dense,40,489,,2,0.0002880000101868063
floyd,python,dense,40,489,,2,0.012817900016671047
dijkstra,heap,sparse,50,249,35,0,5.520001286640763e-05
dijkstra,array,sparse,50,249,35,0,9.699998190626502e-05
dijkstra,array,sparse,50,249,35,1,8.969998452812433e-05
dijkstra,heap,sparse,50,249,35,1,4.439998883754015e-05
dijkstra,heap,sparse,50,249,35,2,9.569997200742364e-05
dijkstra,array,sparse,50,249,35,2,0.00017370001296512783
dijkstra,heap,sparse,50,249,26,0,9.019998833537102e-05
dijkstra,array,sparse,50,249,26,0,0.00011419999646022916
dijkstra,array,sparse,50,249,26,1,0.00010450000991113484
dijkstra,heap,sparse,50,249,26,1,5.120001151226461e-05
dijkstra,heap,sparse,50,249,26,2,5.140001303516328e-05
dijkstra,array,sparse,50,249,26,2,0.00015170002006925642
dijkstra,heap,dense,50,759,10,0,0.00019610000890679657
dijkstra,array,dense,50,759,10,0,0.00018159998580813408
dijkstra,array,dense,50,759,10,1,0.00016379999578930438
dijkstra,heap,dense,50,759,10,1,8.909997995942831e-05
dijkstra,heap,dense,50,759,10,2,0.00011180000728927553
dijkstra,array,dense,50,759,10,2,0.0001613000058569014
dijkstra,heap,dense,50,759,49,0,0.00011520000407472253
dijkstra,array,dense,50,759,49,0,0.00014109999756328762
dijkstra,array,dense,50,759,49,1,0.00015259999781847
dijkstra,heap,dense,50,759,49,1,0.00013559998478740454
dijkstra,heap,dense,50,759,49,2,8.210001396946609e-05
dijkstra,array,dense,50,759,49,2,0.00016240001423284411
floyd,numpy,sparse,50,249,,0,0.0005996999971102923
floyd,python,sparse,50,249,,0,0.02589550000266172
floyd,python,sparse,50,249,,1,0.025789200008148327
floyd,numpy,sparse,50,249,,1,0.00039640002069063485
floyd,numpy,sparse,50,249,,2,0.0004165999998804182
floyd,python,sparse,50,249,,2,0.02475480001885444
floyd,numpy,dense,50,755,,0,0.0015008999907877296
floyd,python,dense,50,755,,0,0.026946500001940876
floyd,python,dense,50,755,,1,0.030086199985817075
floyd,numpy,dense,50,755,,1,0.00045769999269396067
floyd,numpy,dense,50,755,,2,0.00035600000410340726
floyd,python,dense,50,755,,2,0.0319385000038892
dijkstra,heap,sparse,80,399,19,0,0.00010629999451339245
dijkstra,array,sparse,80,399,19,0,0.0002261999761685729
dijkstra,array,sparse,80,399,19,1,0.00034779999987222254
dijkstra,heap,sparse,80,399,19,1,0.0001551999885123223
dijkstra,heap,sparse,80,399,19,2,0.00013379997108131647
dijkstra,array,sparse,80,399,19,2,0.00032969997846521437
dijkstra,heap,sparse,80,399,6,0,0.0001933000166900456
dijkstra,array,sparse,80,399,6,0,0.00029670001822523773
dijkstra,array,sparse,80,399,6,1,0.00023720000172033906
dijkstra,heap,sparse,80,399,6,1,0.00010989999282173812
dijkstra,heap,sparse,80,399,6,2,0.00011799999629147351
dijkstra,array,sparse,80,399,6,2,0.0002489000034984201
dijkstra,heap,dense,80,1932,66,0,0.00037960000918246806
dijkstra,array,dense,80,1932,66,0,0.0004582999972626567
dijkstra,array,dense,80,1932,66,1,0.0005261999904178083
dijkstra,heap,dense,80,1932,66,1,0.0003276999923400581
dijkstra,heap,dense,80,1932,66,2,0.000367600005120039
dijkstra,array,dense,80,1932,66,2,0.000444200006313622
dijkstra,heap,dense,80,1932,21,0,0.00022250000620260835
dijkstra,array,dense,80,1932,21,0,0.0005583000020124018
dijkstra,array,dense,80,1932,21,1,0.00038059998769313097
dijkstra,heap,dense,80,1932,21,1,0.00035710001247934997
dijkstra,heap,dense,80,1932,21,2,0.0003279999946244061
dijkstra,array,dense,80,1932,21,2,0.0006067000213079154
floyd,numpy,sparse,80,399,,0,0.0010765000188257545
floyd,python,sparse,80,399,,0,0.0928245999966748
floyd,python,sparse,80,399,,1,0.09126799998921342
floyd,numpy,sparse,80,399,,1,0.002027099981205538
floyd,numpy,sparse,80,399,,2,0.001410199998645112
floyd,python,sparse,80,399,,2,0.09571399999549612
floyd,numpy,dense,80,1933,,0,0.0009805999870877713
floyd,python,dense,80,1933,,0,0.10368930001277477
floyd,python,dense,80,1933,,1,0.10646209999686107
floyd,numpy,dense,80,1933,,1,0.000907599984202534
floyd,numpy,dense,80,1933,,2,0.0012598000175785273
floyd,python,dense,80,1933,,2,0.10565219999989495
dijkstra,heap,sparse,120,599,21,0,0.00013440000475384295
dijkstra,array,sparse,120,599,21,0,0.0005632000102195889
dijkstra,array,sparse,120,599,21,1,0.00043169999844394624
dijkstra,heap,sparse,120,599,21,1,0.00010710000060498714
dijkstra,heap,sparse,120,599,21,2,0.00015609999536536634
dijkstra,array,sparse,120,599,21,2,0.0004374999844003469
dijkstra,heap,sparse,120,599,44,0,0.00010390000534243882
dijkstra,array,sparse,120,599,44,0,0.00042910000775009394
dijkstra,array,sparse,120,599,44,1,0.00043360001291148365
dijkstra,heap,sparse,120,599,44,1,0.00010459998156875372
dijkstra,heap,sparse,120,599,44,2,0.00011860000086016953
dijkstra,array,sparse,120,599,44,2,0.00043280000681988895
dijkstra,heap,dense,120,4345,109,0,0.00038740001036785543
dijkstra,array,dense,120,4345,109,0,0.0008890999888535589
dijkstra,array,dense,120,4345,109,1,0.000666900014039129
dijkstra,heap,dense,120,4345,109,1,0.0008673999982420355
dijkstra,heap,dense,120,4345,109,2,0.0005175000114832073
dijkstra,array,dense,120,4345,109,2,0.0006793999928049743
dijkstra,heap,dense,120,4345,17,0,0.0003958000161219388
dijkstra,array,dense,120,4345,17,0,0.002493400010280311
dijkstra,array,dense,120,4345,17,1,0.0008389000140596181
dijkstra,heap,dense,120,4345,17,1,0.0004768999933730811
dijkstra,heap,dense,120,4345,17,2,0.0009427999902982265
dijkstra,array,dense,120,4345,17,2,0.002108899992890656
floyd,numpy,sparse,120,599,,0,0.0023335000150837004
floyd,python,sparse,120,599,,0,0.29614109999965876
floyd,python,sparse,120,599,,1,0.30946790002053604
floyd,numpy,sparse,120,599,,1,0.002162099990528077
floyd,numpy,sparse,120,599,,2,0.005572499998379499
floyd,python,sparse,120,599,,2,0.31553920000442304
floyd,numpy,dense,120,4293,,0,0.002045500004896894
floyd,python,dense,120,4293,,0,0.3484490000118967
floyd,python,dense,120,4293,,1,0.314015499985544
floyd,numpy,dense,120,4293,,1,0.0054466000001411885
floyd,numpy,dense,120,4293,,2,0.0021135999995749444
floyd,python,dense,120,4293,,2,0.3476476000214461
dijkstra,heap,sparse,200,999,199,0,0.0006544000061694533
dijkstra,array,sparse,200,999,199,0,0.0031067999952938408
dijkstra,array,sparse,200,999,199,1,0.0016715999809093773
dijkstra,heap,sparse,200,999,199,1,0.0004956000193487853
dijkstra,heap,sparse,200,999,199,2,0.0005433000042103231
dijkstra,array,sparse,200,999,199,2,0.00196460000006482
dijkstra,heap,sparse,200,999,191,0,0.00031060000765137374
dijkstra,array,sparse,200,999,191,0,0.0019407999934628606
dijkstra,array,sparse,200,999,191,1,0.0011688999948091805
dijkstra,heap,sparse,200,999,191,1,0.0003871999797411263
dijkstra,heap,sparse,200,999,191,2,0.00028819998260587454
dijkstra,array,sparse,200,999,191,2,0.001816999982111156
dijkstra,heap,dense,200,11929,170,0,0.0015550999960396439
dijkstra,array,dense,200,11929,170,0,0.0018928000063169748
dijkstra,array,dense,200,11929,170,1,0.0018804999999701977
dijkstra,heap,dense,200,11929,170,1,0.0012138999882154167
dijkstra,heap,dense,200,11929,170,2,0.002791500010062009
dijkstra,array,dense,200,11929,170,2,0.0040868000069167465
dijkstra,heap,dense,200,11929,56,0,0.002075399999739602
dijkstra,array,dense,200,11929,56,0,0.0019674999930430204
dijkstra,array,dense,200,11929,56,1,0.003421200002776459
dijkstra,heap,dense,200,11929,56,1,0.0010420999897178262
dijkstra,heap,dense,200,11929,56,2,0.001935600012075156
dijkstra,array,dense,200,11929,56,2,0.003774400014663115
floyd,numpy,sparse,200,999,,0,0.007389800011878833
floyd,python,sparse,200,999,,0,1.3522013999754563
floyd,python,sparse,200,999,,1,1.377292099990882
floyd,numpy,sparse,200,999,,1,0.007141000009141862
floyd,numpy,sparse,200,999,,2,0.011670299980323762
floyd,python,sparse,200,999,,2,1.3563207999977749
floyd,numpy,dense,200,12042,,0,0.011895299976458773
floyd,python,dense,200,12042,,0,2.0038372999988496
floyd,python,dense,200,12042,,1,1.775052599987248
floyd,numpy,dense,200,12042,,1,0.01721190000534989
floyd,numpy,dense,200,12042,,2,0.014463200001046062
floyd,python,dense,200,12042,,2,1.6573317000002135
dijkstra,heap,sparse,300,1499,189,0,0.00039400000241585076
dijkstra,array,sparse,300,1499,189,0,0.005079199996544048
dijkstra,array,sparse,300,1499,189,1,0.0033215000003110617
dijkstra,heap,sparse,300,1499,189,1,0.00047110000741668046
dijkstra,heap,sparse,300,1499,189,2,0.0009827000030782074
dijkstra,array,sparse,300,1499,189,2,0.003125399991404265
dijkstra,heap,sparse,300,1499,179,0,0.00043769998592324555
dijkstra,array,sparse,300,1499,179,0,0.004098499979590997
dijkstra,array,sparse,300,1499,179,1,0.003291899978648871
dijkstra,heap,sparse,300,1499,179,1,0.0014039999805390835
dijkstra,heap,sparse,300,1499,179,2,0.0006562000198755413
dijkstra,array,sparse,300,1499,179,2,0.0035777000011876225
dijkstra,heap,dense,300,27107,177,0,0.0038555999926757067
dijkstra,array,dense,300,27107,177,0,0.005708999990019947
dijkstra,array,dense,300,27107,177,1,0.005302600009599701
dijkstra,heap,dense,300,27107,177,1,0.006080099992686883
dijkstra,heap,dense,300,27107,177,2,0.007631700020283461
dijkstra,array,dense,300,27107,177,2,0.0052804000151809305
dijkstra,heap,dense,300,27107,269,0,0.006391900009475648
dijkstra,array,dense,300,27107,269,0,0.005652399995597079
dijkstra,array,dense,300,27107,269,1,0.006286599993472919
dijkstra,heap,dense,300,27107,269,1,0.003568899992387742
dijkstra,heap,dense,300,27107,269,2,0.003864800004521385
dijkstra,array,dense,300,27107,269,2,0.005521199986105785
floyd,numpy,sparse,300,1499,,0,0.12333179998677224
floyd,python,sparse,300,1499,,0,4.979376500006765
floyd,python,sparse,300,1499,,1,7.937445599993225
floyd,numpy,sparse,300,1499,,1,0.27046999998856336
floyd,numpy,sparse,300,1499,,2,0.28325560002122074
floyd,python,sparse,300,1499,,2,10.551556899998104
floyd,numpy,dense,300,26936,,0,0.23744389999774285
floyd,python,dense,300,26936,,0,10.603510099987034
floyd,python,dense,300,26936,,1,10.513450800004648
floyd,numpy,dense,300,26936,,1,0.19927470001857728
floyd,numpy,dense,300,26936,,2,0.2124783000035677
floyd,python,dense,300,26936,,2,10.826161100005265
dijkstra,heap,sparse,400,1999,394,0,0.0010066000104416162
dijkstra,array,sparse,400,1999,394,0,0.008029799995711073
dijkstra,array,sparse,400,1999,394,1,0.011207500007003546
dijkstra,heap,sparse,400,1999,394,1,0.0016901000053621829
dijkstra,heap,sparse,400,1999,394,2,0.0012777000083588064
dijkstra,array,sparse,400,1999,394,2,0.011450299993157387
dijkstra,heap,sparse,400,1999,379,0,0.0015198999899439514
dijkstra,array,sparse,400,1999,379,0,0.010287000011885539
dijkstra,array,sparse,400,1999,379,1,0.006158800009870902
dijkstra,heap,sparse,400,1999,379,1,0.001286899991100654
dijkstra,heap,sparse,400,1999,379,2,0.0013672999921254814
dijkstra,array,sparse,400,1999,379,2,0.010130200011190027
dijkstra,heap,dense,400,48226,184,0,0.020132400008151308
dijkstra,array,dense,400,48226,184,0,0.03524570001172833
dijkstra,array,dense,400,48226,184,1,0.03817799998796545
dijkstra,heap,dense,400,48226,184,1,0.029011599981458858
dijkstra,heap,dense,400,48226,184,2,0.02561119999154471
dijkstra,array,dense,400,48226,184,2,0.03256099999998696
dijkstra,heap,dense,400,48226,5,0,0.02064599998993799
dijkstra,array,dense,400,48226,5,0,0.029347100004088134
dijkstra,array,dense,400,48226,5,1,0.02659190000849776
dijkstra,heap,dense,400,48226,5,1,0.02035289999912493
dijkstra,heap,dense,400,48226,5,2,0.026835399999981746
dijkstra,array,dense,400,48226,5,2,0.030050900008063763
floyd,numpy,sparse,400,1999,,0,0.6318937999894843
floyd,python,sparse,400,1999,,0,23.7319703999965
floyd,python,sparse,400,1999,,1,25.564076600014232
floyd,numpy,sparse,400,1999,,1,0.5851917999971192
floyd,numpy,sparse,400,1999,,2,0.6756457999872509
floyd,python,sparse,400,1999,,2,24.348070000007283
floyd,numpy,dense,400,48044,,0,0.7238638999988325
floyd,python,dense,400,48044,,0,30.92316249999567
floyd,python,dense,400,48044,,1,27.838183899992146
floyd,numpy,dense,400,48044,,1,0.6425043999915943
floyd,numpy,dense,400,48044,,2,0.5966901000065263
floyd,python,dense,400,48044,,2,28.587992200016743
dijkstra,heap,sparse,600,2999,419,0,0.002661799982888624
dijkstra,array,sparse,600,2999,419,0,0.02083900000434369
dijkstra,array,sparse,600,2999,419,1,0.01999739999882877
dijkstra,heap,sparse,600,2999,419,1,0.0024510000075679272
dijkstra,heap,sparse,600,2999,419,2,0.0018270000000484288
dijkstra,array,sparse,600,2999,419,2,0.022411399986594915
dijkstra,heap,sparse,600,2999,289,0,0.002883299981476739
dijkstra,array,sparse,600,2999,289,0,0.018689300020923838
dijkstra,array,sparse,600,2999,289,1,0.023825000011129305
dijkstra,heap,sparse,600,2999,289,1,0.0025603999965824187
dijkstra,heap,sparse,600,2999,289,2,0.00237939998623915
dijkstra,array,sparse,600,2999,289,2,0.01813320000655949
dijkstra,heap,dense,600,108126,428,0,0.0367256999888923
dijkstra,array,dense,600,108126,428,0,0.06005209998693317
dijkstra,array,dense,600,108126,428,1,0.06770639997557737
dijkstra,heap,dense,600,108126,428,1,0.047509900003205985
dijkstra,heap,dense,600,108126,428,2,0.04785699999774806
dijkstra,array,dense,600,108126,428,2,0.07722519998787902
dijkstra,heap,dense,600,108126,452,0,0.055600799998501316
dijkstra,array,dense,600,108126,452,0,0.08157849998679012
dijkstra,array,dense,600,108126,452,1,0.08193940002820455
dijkstra,heap,dense,600,108126,452,1,0.05773640002007596
dijkstra,heap,dense,600,108126,452,2,0.06145700000342913
dijkstra,array,dense,600,108126,452,2,0.0824090999958571
floyd,numpy,sparse,600,2999,,0,2.367099099996267
floyd,python,sparse,600,2999,,0,80.78048989997478
floyd,python,sparse,600,2999,,1,77.68532140000025
floyd,numpy,sparse,600,2999,,1,1.9787312999833375
floyd,numpy,sparse,600,2999,,2,2.1608208999969065
floyd,python,sparse,600,2999,,2,95.87796419998631
floyd,numpy,dense,600,108239,,0,1.5678023000073154
floyd,python,dense,600,108239,,0,107.1432507999998
floyd,python,dense,600,108239,,1,108.38987320000888
floyd,numpy,dense,600,108239,,1,2.1650734999857377
floyd,numpy,dense,600,108239,,2,2.0625427999766544
floyd,python,dense,600,108239,,2,100.41829599998891
dijkstra,heap,sparse,800,3999,416,0,0.004241000016918406
dijkstra,array,sparse,800,3999,416,0,0.04810890002408996
dijkstra,array,sparse,800,3999,416,1,0.048948300012853
dijkstra,heap,sparse,800,3999,416,1,0.005704299983335659
dijkstra,heap,sparse,800,3999,416,2,0.004796199995325878
dijkstra,array,sparse,800,3999,416,2,0.04063999999198131
dijkstra,heap,sparse,800,3999,158,0,0.004952099989168346
dijkstra,array,sparse,800,3999,158,0,0.04015890002483502
dijkstra,array,sparse,800,3999,158,1,0.03829609998501837
dijkstra,heap,sparse,800,3999,158,1,0.0025425000058021396
dijkstra,heap,sparse,800,3999,158,2,0.0023326000082306564
dijkstra,array,sparse,800,3999,158,2,0.03507399998488836
dijkstra,heap,dense,800,192090,41,0,0.08629349997499958
dijkstra,array,dense,800,192090,41,0,0.13401959999464452
dijkstra,array,dense,800,192090,41,1,0.14242779999040067
dijkstra,heap,dense,800,192090,41,1,0.10719239999889396
dijkstra,heap,dense,800,192090,41,2,0.1057442000019364
dijkstra,array,dense,800,192090,41,2,0.12138999998569489
dijkstra,heap,dense,800,192090,185,0,0.10471659997710958
dijkstra,array,dense,800,192090,185,0,0.1387807999853976
dijkstra,array,dense,800,192090,185,1,0.12791419998393394
dijkstra,heap,dense,800,192090,185,1,0.10024520001024939
dijkstra,heap,dense,800,192090,185,2,0.0962874999968335
dijkstra,array,dense,800,192090,185,2,0.10778049999498762
floyd,numpy,sparse,800,3999,,0,4.957604299997911
floyd,python,sparse,800,3999,,0,218.19752829999197
floyd,python,sparse,800,3999,,1,203.73971449999954
floyd,numpy,sparse,800,3999,,1,3.5309791999752633
floyd,numpy,sparse,800,3999,,2,3.5179928000143263
floyd,python,sparse,800,3999,,2,100.47689140000148
floyd,numpy,dense,800,192335,,0,5.431116199993994
floyd,python,dense,800,192335,,0,208.49676829998498
floyd,python,dense,800,192335,,1,252.6979400999844
floyd,numpy,dense,800,192335,,1,3.66518690000521
floyd,numpy,dense,800,192335,,2,3.5873024000029545
floyd,python,dense,800,192335,,2,240.10918190001394
